"Reference","Qty","Value","DNP","Exclude from BOM","Exclude from Board","LCSC","Manufacturer","Mauser","Part","Description"
"C1,C12","2","22u","","","","C7432786","Chinocera",""," HGC1206R5226M250NSPJ","22uF ±20% 25V Ceramic Capacitor X5R 1206"
"C2,C3,C4,C5,C6,C10,C14,C21,C22,C23,C24,C25,C26,C27,C28,C29,C30,C31,C32,C33,C43","21","100n","","","","C6119867","muRata","","CGA0603X7R104K500JT","100nF ±10% 50V Ceramic Capacitor X7R 0603"
"C7","1","4.7u","","","","C77096","muRata","","GRM31CR71H475KA12L","4.7uF ±10% 50V Ceramic Capacitor X7R 1206"
"C8,C9,C13,C34,C44,C45,C46","7","10u","","","","C440198","muRata","","GRM21BR61H106KE43L","10uF ±10% 50V Ceramic Capacitor X5R 0805"
"C11","1","47p","","","","C5137501","FOJAN","","FCC0603N470J500CT","47pF ±5% 50V Ceramic Capacitor C0G 0603"
"C15,C16,C19,C20","4","4.7u","","","","C19666","Samsung Electro-Mechanics","","CL10A475KO8NNNC","4.7uF ±10% 16V Ceramic Capacitor X5R 0603"
"C17,C18","2","15p","","","","C519483","YAGEO","","CC0603FRNPO9BN150","15pF ±1% 50V Ceramic Capacitor NP0 0603"
"C36,C37,C41","3","1u","","","","C1848","Samsung Electro-Mechanics","","CL31B105KBHNNNE","1uF ±10% 50V Ceramic Capacitor X7R 1206"
"C38","1","470u","","","","C22469994","FOLLON","","EFVM050ADA471M10C0","470uF ±20% 50V Aluminum Electrolytic Capacitors"
"C39","1","33n","","","","C21117","Samsung Electro-Mechanics","","CL10B333KB8NNNC","33nF ±10% 50V Ceramic Capacitor X7R 0603"
"C40","1","1000u","","","","C88743","rubycon","","35YXJ1000M12.5X20","1000uF 35V Aluminum Electrolytic Capacitors Through Hole,D12.5xL20mm 10000hrs@105℃"
"D1","1","PESD1IVN24-AX","","","","C503381","Nexperia","","PESD1IVN24-AX","42VC Clamp 3.5A@8/20us Ipp ESD DIODE SOD-323"
"D2","1","MMSZ4706_C3031903","","","","C3031903","CJ","","MMSZ4706","Zener Diode Independent 19V 500mW Surface Mount SOD-123"
"D3","1","TPD4E05U06DQAR_C2827646","","","","C2827646","TECH PUBLIC","","TPD4E05U06DQAR","13VC Clamp 5A Ipp ESD DIODE USON-10(1x2.5)"
"D4","1","MBR2045DCT","","","","C42402358","BORN","","MBR2045DCT","Diode 45V 20A Surface Mount TO-252"
"J1","1","DC-044K-D025","","","","C963204","G-Switch","","DC-044K-D025","Power Barrel Connector Jack 2.5mm ID 6mm OD Through Hole, Right Angle"
"J2","1","TYPE-C 16PIN 2MD","","","","C2765186","SHOU HAN(首韩)","","TYPE-C 16PIN 2MD(073)","USB-C (USB TYPE-C) Receptacle Connector 16 Position Surface Mount, Right Angle"
"J4","1","KF301-5.0-2P","","","","C474881","KEFA","","KF301-5.0-2P","2 Position Wire to Board Terminal Block Through Hole 5mm"
"J5,J8","2","2510-4A","","","","C2847671","CAX","","2510-4A","Connector Header 4 position 2.54mm Pitch 3A Through Hole -25℃~+85℃"
"J6,J9","2","ZX-XH2.54-3PZZ","","","","C7429633","Megastar","","ZX-XH2.54-3PZZ","Connector Header 3 position 2.5mm Pitch 3A Through Hole -25℃~+85℃"
"L1","1","22u","","","","C780213","BOURNS","","SRN6045-220M","1.5A 22uH 142mΩ 1.9A ±20% SMD,6x6mm Fixed Inductors RoHS"
"L2","1","10u","","","","C476261","BOURNS","","SRN6045-100M","2.5A 10uH 3A 58.6mΩ ±20% SMD,6x6mm Fixed Inductors RoHS"
"L3","1","3.3u","","","","C42411119","ABRACON","","AOTA-B201610S3R3-101-T","2.1A 3.3uH 115mΩ 2.4A Molded Inductor 0806 Fixed Inductors RoHS"
"L4","1","47u","","","","C5119635","PROD","","PDPMAA1712-470MP","8A 47uH ±20% 32mΩ 14A Through Hole,P=13mm Fixed Inductors RoHS"
"Q1","1","DMP3013SFV-7","","","","C264098 ","Diodes","","DMP3013SFV-7","P-Channel 30V 35A 1.94W Surface Mount PowerDI3333-8"
"Q2,Q3","2","2N7002LT1G","","","","C16338","onsemi","","2N7002LT1G","N-Channel 60V 115mA 225mW Surface Mount SOT-23"
"R1","1","88.7k","","","","C23258","UNI-ROYAL","","0603WAF8872T5E","88.7kΩ ±1% 100mW 0603 Thick Film Resistor"
"R2","1","22.1k","","","","C2960862","FOJAN","","FRC0603F2212TS","22.1kΩ ±1% 100mW 0603 Thick Film Resistor"
"R3,R8,R9,R15,R16","5","12k","","","","C2907097","FOJAN","","FRC0603J123 TS","TS 12kΩ ±5% 100mW 0603 Thick Film Resistor"
"R4,R30,R33","3","100k","","","","C2906980","FOJAN","","FRC0603F1003TS","100kΩ ±1% 100mW 0603 Thick Film Resistor"
"R5","1","5.23k","","","","C23068","UNI-ROYAL","","0603WAF5231T5E","5.23kΩ ±1% 100mW 0603 Thick Film Resistor"
"R6,R10,R13,R14","4","5.1k","","","","C2907044","FOJAN","","FRC0603F5101TS","5.1kΩ ±1% 100mW 0603 Thick Film Resistor"
"R7","1","33","","","","C2909394","FOJAN","","FRC0603F33R0TS","33Ω ±1% 100mW 0603 Thick Film Resistor"
"R11,R12","2","27","","","","C2907021","FOJAN","","FRC0603F27R0TS","27Ω ±1% 100mW 0603 Thick Film Resistor"
"R17,R18,R19","3","1k","","","","C2907002","FOJAN","","FRC0603F1001TS","1kΩ ±1% 100mW 0603 Thick Film Resistor"
"R20,R22","2","10","","","","C2906983","FOJAN","","FRC0603F10R0TS","10Ω ±1% 100mW 0603 Thick Film Resistor"
"R21","1","2m","","","","C46634447","JIERR","","JER2512F3R002","3W 2mΩ ±50ppm/℃ ±1% 2512 Chip Resistor - Surface Mount RoHS"
"R23","1","180k","","","","C2906999","FOJAN","","FRC0603F1803TS","180kΩ ±1% 100mW 0603 Thick Film Resistor"
"R24","1","43k","","","","C2907038","FOJAN","","FRC0603F4302TS","43kΩ ±1% 100mW 0603 Thick Film Resistor"
"R25,R27","2","0","","","","C2906974","FOJAN","","FRC0603F0000TS","100mW 0Ω 75V Thick Film Resistor ±1% 0603 Chip Resistor - Surface Mount RoHS"
"R26","1","27k","","","","C2930084","FOJAN","","FRC0603F2702TS","27kΩ ±1% 100mW 0603 Thick Film Resistor"
"R28,R29,R31,R32","4","100","","","","C2906981","FOJAN","","FRC0603F1000TS","100Ω ±1% 100mW 0603 Thick Film Resistor"
"SW1,SW2","2","TS3425BA","","","","C2681476","SHOU HAN","","TS3425BA","Tactile Switch SPST 250gf 2.5mm J-Lead 4.2mm x 3.2mm Surface Mount"
"U1,U2","2","DS18B20","","","Excluded from board","C9753","MAXIM","","DS18B20+","-55℃~+125℃ ±0.5℃ Single bus 3V~5.5V TO-92 Analog and Digital Output RoHS"
"U4","1","TPS560430XDBVR","","",""," C524782","TI","","TPS560430XDBVR","1.1MHz Buck Adjustable 600mA 1V~34.2V SOT-23-6 Voltage Regulators - DC DC Switching Regulators RoHS"
"U5","1","TLV75533PDBVR","","","","C404027","TI","","TLV75533PDBVR","3.3V Positive Fixed SOT-23-5 Voltage Regulators - Linear, Low Drop Out (LDO) Regulators RoHS"
"U6","1","TPS54202DDCR","","","","C191884","TI","","TPS54202DDCR","500kHz Buck Adjustable 2A SOT-23-6 Voltage Regulators - DC DC Switching Regulators RoHS"
"U7","1","RP2354A","","","","C41378174","Raspberry Pi","","RP2354A","QFN-60(7x7) Microcontrollers RoHS"
"U8","1","ABM8-272-T3_C20625731","","","","C20625731","ABRACON","","ABM8-272-T3","±30ppm 10pF ±30ppm SMD3225-4P Crystals RoHS"
"U9","1","INA219AIDR","","","","C138706","TI","","INA219AIDR","0V~26V 10uV 20nA 1 SOIC-8 Current Regulation/Management RoHS"
"U10","1","XL4016E1","","","","C55881","XLSEMI","","XL4016E1","Buck Switching Regulator IC Adjustable 1.25V~32V 1 Output 12A TO-220-5"
"U11","1","MCP4725A0T-E/CH","","","","C144198","MICROCHIP","","MCP4725A0T-E/CH","6us 2.7V~5.5V 2LSB I2C SOT-23-6 Digital to Analog Converters (DAC) RoHS"
